-- phpMyAdmin SQL Dump
-- version 4.4.10
-- http://www.phpmyadmin.net
--
-- Host: localhost:8889
-- Erstellungszeit: 17. Mai 2016 um 17:55
-- Server-Version: 5.5.42
-- PHP-Version: 5.6.10

SET SQL_MODE = "NO_AUTO_VALUE_ON_ZERO";
SET time_zone = "+00:00";


/*!40101 SET @OLD_CHARACTER_SET_CLIENT=@@CHARACTER_SET_CLIENT */;
/*!40101 SET @OLD_CHARACTER_SET_RESULTS=@@CHARACTER_SET_RESULTS */;
/*!40101 SET @OLD_COLLATION_CONNECTION=@@COLLATION_CONNECTION */;
/*!40101 SET NAMES utf8mb4 */;

--
-- Datenbank: `pd_order`
--

--
-- Daten für Tabelle `credit`
--

INSERT INTO `credit` (`id`, `user`, `price`, `status`, `created`, `modified`) VALUES
(1, 1, '10.00', 'ok', '2016-05-17 13:38:38', '2016-05-17 14:29:42'),
(2, 1, '20.00', 'ok', '2016-05-17 14:25:32', '2016-05-17 14:42:01'),
(3, 1, '15.00', 'deleted', '2016-05-17 14:39:51', '2016-05-17 14:49:11'),
(4, 1, '5.00', 'deleted', '2016-05-17 14:41:01', '2016-05-17 14:49:09'),
(5, 1, '100.00', 'deleted', '2016-05-17 14:41:47', '2016-05-17 15:08:21'),
(6, 1, '-10.00', 'ok', '2016-05-17 14:49:16', '2016-05-17 15:32:32'),
(7, 1, '-14.20', 'ok', '2016-05-17 16:31:11', '2016-05-17 16:31:48'),
(8, 1, '-4.30', 'ok', '2016-05-17 16:34:57', '2016-05-17 16:34:57'),
(9, 1, '20.00', 'ok', '2016-05-17 16:35:11', '2016-05-17 16:39:14'),
(10, 1, '-7.60', 'ok', '2016-05-17 16:44:36', '2016-05-17 16:44:36'),
(11, 1, '-23.80', 'ok', '2016-05-17 17:00:09', '2016-05-17 17:00:09'),
(12, 1, '30.00', 'ok', '2016-05-17 17:04:20', '2016-05-17 17:04:31'),
(13, 1, '0.90', 'ok', '2016-05-17 17:07:43', '2016-05-17 17:07:53'),
(14, 1, '9.00', 'ok', '2016-05-17 17:45:48', '2016-05-17 17:50:57'),
(15, 1, '20.00', 'deleted', '2016-05-17 17:52:29', '2016-05-17 17:52:39'),
(16, 1, '5.00', 'ok', '2016-05-17 17:52:33', '2016-05-17 17:52:40'),
(17, 1, '-31.20', 'ok', '2016-05-17 17:53:16', '2016-05-17 17:53:16');

--
-- Daten für Tabelle `food_order`
--

INSERT INTO `food_order` (`id`, `time`, `created`, `admin`, `closed`, `closed_time`) VALUES
(21, '2016-05-16 12:00:00', '2016-05-15 20:40:21', 1, 1, '2016-05-17 12:03:54'),
(22, '2016-05-21 11:35:00', '2016-05-16 08:27:13', 1, 0, '0000-00-00 00:00:00'),
(23, '2016-05-17 13:15:00', '2016-05-16 19:22:11', 1, 1, '2016-05-17 16:33:57'),
(24, '2016-05-19 14:00:00', '2016-05-17 16:27:34', 1, 0, '0000-00-00 00:00:00'),
(25, '2016-05-22 12:00:00', '2016-05-17 16:34:06', 1, 0, '0000-00-00 00:00:00');

--
-- Daten für Tabelle `product`
--

INSERT INTO `product` (`id`, `name`, `price_buy`, `price_sell`, `status`, `created`, `modified`) VALUES
(5, 'Döner mild', '3.30', '3.40', 'ok', '2016-05-04 08:22:49', '2016-05-15 20:38:13'),
(6, 'Döner scharf', '3.30', '3.40', 'ok', '2016-05-04 08:23:00', '2016-05-15 20:13:43'),
(7, 'Pizza Salami', '7.50', '7.60', 'ok', '2016-05-04 08:23:14', '2016-05-15 21:20:26'),
(8, 'Schinken-Stangerl', '6.30', '6.40', 'ok', '2016-05-14 16:36:55', '2016-05-15 21:20:45'),
(9, 'Bauernpizza', '7.10', '7.20', 'unavailable', '2016-05-14 16:37:12', '2016-05-15 21:37:59'),
(10, 'Grüner Salat', '3.20', '3.30', 'ok', '2016-05-14 16:37:47', '2016-05-15 21:21:31'),
(11, 'Gemischter Salat', '4.20', '4.30', 'ok', '2016-05-14 16:38:00', '2016-05-15 21:21:33'),
(12, 'Big Kebap', '3.80', '3.90', 'ok', '2016-05-14 16:38:55', '2016-05-16 08:26:51'),
(13, 'Schnitzelsemmel', '3.40', '3.50', 'ok', '2016-05-14 16:39:11', '2016-05-15 21:21:39'),
(14, 'Wienerschnitzel', '7.50', '7.60', 'ok', '2016-05-14 16:39:21', '2016-05-15 21:21:42'),
(15, 'Portion Pommes frites (klein)', '2.70', '2.80', 'unavailable', '2016-05-14 16:39:36', '2016-05-15 21:40:48'),
(16, 'Topfenstrudel', '2.90', '3.00', 'ok', '2016-05-14 16:39:48', '2016-05-15 21:40:46'),
(17, 'Coca Cola 0,33l', '1.90', '2.00', 'ok', '2016-05-14 16:39:59', '2016-05-15 21:21:47'),
(18, 'Puntigamer Bier 0,5l', '2.50', '2.70', 'ok', '2016-05-14 16:40:11', '2016-05-15 21:40:24'),
(19, 'Chef Salat', '6.20', '6.30', 'ok', '2016-05-16 08:22:14', '2016-05-16 08:22:14'),
(20, 'Coca Cola 0,5l', '2.40', '2.50', 'deleted', '2016-05-16 08:24:15', '2016-05-16 08:53:04'),
(21, 'qwrqwr', '3.00', '2.00', 'deleted', '2016-05-16 08:26:27', '2016-05-16 08:26:34'),
(22, 'Coca Cola 0,5l', '2.40', '2.50', 'ok', '2016-05-16 08:53:17', '2016-05-16 08:53:17'),
(23, 'Test', '32.00', '231.00', 'deleted', '2016-05-16 12:09:24', '2016-05-16 12:09:32'),
(24, '''or 1=1', '4.00', '4.50', 'deleted', '2016-05-16 12:09:55', '2016-05-16 12:10:18');

--
-- Daten für Tabelle `product_line`
--

INSERT INTO `product_line` (`id`, `user`, `food_order`, `product`, `quantity`, `added`, `paid`, `pay_type`, `status`) VALUES
(70, 1, 21, 5, 1, '2016-05-15 20:40:30', 1, 'credit', 'ok'),
(71, 1, 22, 20, 1, '2016-05-16 08:27:45', 0, 'admin', 'cancelled'),
(72, 1, 22, 19, 1, '2016-05-16 08:27:45', 0, 'admin', 'cancelled'),
(73, 1, 22, 14, 1, '2016-05-16 08:27:45', 0, 'admin', 'cancelled'),
(74, 1, 22, 16, 1, '2016-05-16 08:27:45', 0, 'admin', 'cancelled'),
(75, 2, 22, 10, 2, '2016-05-16 08:56:06', 1, 'admin', 'cancelled'),
(76, 2, 22, 16, 1, '2016-05-16 08:56:06', 1, 'admin', 'cancelled'),
(77, 2, 22, 18, 1, '2016-05-16 08:56:06', 1, 'admin', 'cancelled'),
(78, 2, 22, 12, 1, '2016-05-16 08:56:06', 1, 'admin', 'cancelled'),
(79, 1, 23, 7, 1, '2016-05-16 19:26:13', 0, 'admin', 'ok'),
(80, 1, 24, 7, 1, '2016-05-17 16:27:55', 0, 'credit', 'cancelled'),
(81, 1, 24, 12, 1, '2016-05-17 16:31:11', 0, 'admin', 'cancelled'),
(82, 1, 24, 7, 1, '2016-05-17 16:31:11', 0, 'admin', 'cancelled'),
(83, 1, 24, 18, 1, '2016-05-17 16:31:11', 0, 'admin', 'cancelled'),
(84, 1, 25, 11, 1, '2016-05-17 16:34:57', 0, 'admin', 'cancelled'),
(85, 1, 22, 5, 7, '2016-05-17 16:44:29', 1, 'credit', 'ok'),
(86, 1, 24, 7, 1, '2016-05-17 16:44:36', 1, 'credit', 'ok'),
(87, 1, 25, 8, 100, '2016-05-17 17:06:43', 0, 'admin', 'cancelled'),
(88, 1, 25, 12, 8, '2016-05-17 17:53:16', 1, 'credit', 'ok');

--
-- Daten für Tabelle `product_price_log`
--

INSERT INTO `product_price_log` (`id`, `product_id`, `field`, `price`, `valid_from`, `valid_to`) VALUES
(53, 5, 'price_sell', '0.00', '2016-05-15 20:12:45', '2016-05-15 20:13:15'),
(54, 5, 'price_buy', '0.00', '2016-05-15 20:12:45', '2016-05-15 20:13:11'),
(55, 6, 'price_sell', '0.00', '2016-05-15 20:12:45', '2016-05-15 20:13:43'),
(56, 6, 'price_buy', '0.00', '2016-05-15 20:12:45', '2016-05-15 20:13:38'),
(57, 7, 'price_sell', '0.00', '2016-05-15 20:12:45', '2016-05-15 21:17:05'),
(58, 7, 'price_buy', '0.00', '2016-05-15 20:12:45', '2016-05-15 21:20:26'),
(59, 8, 'price_sell', '0.00', '2016-05-15 20:12:45', '2016-05-15 21:20:45'),
(60, 8, 'price_buy', '0.00', '2016-05-15 20:12:45', '2016-05-15 21:20:32'),
(61, 9, 'price_sell', '0.00', '2016-05-15 20:12:45', '2016-05-15 21:21:29'),
(62, 9, 'price_buy', '0.00', '2016-05-15 20:12:45', '2016-05-15 21:20:50'),
(63, 10, 'price_sell', '0.00', '2016-05-15 20:12:45', '2016-05-15 21:21:31'),
(64, 10, 'price_buy', '0.00', '2016-05-15 20:12:45', '2016-05-15 21:20:53'),
(65, 11, 'price_sell', '0.00', '2016-05-15 20:12:45', '2016-05-15 21:21:33'),
(66, 11, 'price_buy', '0.00', '2016-05-15 20:12:45', '2016-05-15 21:20:58'),
(67, 12, 'price_sell', '0.00', '2016-05-15 20:12:45', '2016-05-15 21:21:36'),
(68, 12, 'price_buy', '0.00', '2016-05-15 20:12:45', '2016-05-15 21:21:04'),
(69, 13, 'price_sell', '0.00', '2016-05-15 20:12:45', '2016-05-15 21:21:39'),
(70, 13, 'price_buy', '0.00', '2016-05-15 20:12:45', '2016-05-15 21:21:11'),
(71, 14, 'price_sell', '0.00', '2016-05-15 20:12:45', '2016-05-15 21:21:42'),
(72, 14, 'price_buy', '0.00', '2016-05-15 20:12:45', '2016-05-15 21:21:13'),
(73, 15, 'price_sell', '0.00', '2016-05-15 20:12:45', '2016-05-15 21:21:43'),
(74, 15, 'price_buy', '0.00', '2016-05-15 20:12:45', '2016-05-15 21:21:15'),
(75, 16, 'price_sell', '0.00', '2016-05-15 20:12:45', '2016-05-15 21:21:45'),
(76, 16, 'price_buy', '0.00', '2016-05-15 20:12:45', '2016-05-15 21:21:18'),
(77, 17, 'price_sell', '0.00', '2016-05-15 20:12:45', '2016-05-15 21:21:47'),
(78, 17, 'price_buy', '0.00', '2016-05-15 20:12:45', '2016-05-15 21:21:20'),
(79, 18, 'price_sell', '0.00', '2016-05-15 20:12:45', '2016-05-15 21:21:49'),
(80, 18, 'price_buy', '0.00', '2016-05-15 20:12:45', '2016-05-15 21:21:23'),
(81, 5, 'price_buy', '3.30', '2016-05-15 20:13:11', NULL),
(82, 5, 'price_sell', '3.40', '2016-05-15 20:13:15', '2016-05-15 20:37:58'),
(83, 6, 'price_buy', '3.30', '2016-05-15 20:13:38', NULL),
(84, 6, 'price_sell', '3.40', '2016-05-15 20:13:43', NULL),
(85, 5, 'price_sell', '3.50', '2016-05-15 20:37:58', '2016-05-15 20:38:13'),
(86, 5, 'price_sell', '3.40', '2016-05-15 20:38:13', NULL),
(87, 7, 'price_sell', '76.00', '2016-05-15 21:17:05', '2016-05-15 21:18:59'),
(88, 7, 'price_sell', '7.60', '2016-05-15 21:18:59', NULL),
(89, 7, 'price_buy', '7.50', '2016-05-15 21:20:26', NULL),
(90, 8, 'price_buy', '6.30', '2016-05-15 21:20:32', NULL),
(91, 8, 'price_sell', '6.40', '2016-05-15 21:20:45', NULL),
(92, 9, 'price_buy', '7.10', '2016-05-15 21:20:50', NULL),
(93, 10, 'price_buy', '3.20', '2016-05-15 21:20:53', NULL),
(94, 11, 'price_buy', '4.20', '2016-05-15 21:20:58', NULL),
(95, 12, 'price_buy', '38.00', '2016-05-15 21:21:04', '2016-05-15 21:21:08'),
(96, 12, 'price_buy', '3.80', '2016-05-15 21:21:08', NULL),
(97, 13, 'price_buy', '3.40', '2016-05-15 21:21:11', NULL),
(98, 14, 'price_buy', '7.50', '2016-05-15 21:21:13', NULL),
(99, 15, 'price_buy', '2.70', '2016-05-15 21:21:15', NULL),
(100, 16, 'price_buy', '2.90', '2016-05-15 21:21:18', NULL),
(101, 17, 'price_buy', '1.90', '2016-05-15 21:21:20', NULL),
(102, 18, 'price_buy', '2.50', '2016-05-15 21:21:23', NULL),
(103, 9, 'price_sell', '7.20', '2016-05-15 21:21:29', NULL),
(104, 10, 'price_sell', '3.30', '2016-05-15 21:21:31', NULL),
(105, 11, 'price_sell', '4.30', '2016-05-15 21:21:33', NULL),
(106, 12, 'price_sell', '3.90', '2016-05-15 21:21:36', NULL),
(107, 13, 'price_sell', '3.50', '2016-05-15 21:21:39', NULL),
(108, 14, 'price_sell', '7.60', '2016-05-15 21:21:42', NULL),
(109, 15, 'price_sell', '2.80', '2016-05-15 21:21:43', NULL),
(110, 16, 'price_sell', '3.00', '2016-05-15 21:21:45', NULL),
(111, 17, 'price_sell', '2.00', '2016-05-15 21:21:47', NULL),
(112, 18, 'price_sell', '2.70', '2016-05-15 21:21:49', NULL),
(113, 19, 'price_sell', '6.30', '2016-05-16 08:22:14', NULL),
(114, 19, 'price_buy', '6.20', '2016-05-16 08:22:14', NULL),
(115, 20, 'price_sell', '2.50', '2016-05-16 08:24:15', NULL),
(116, 20, 'price_buy', '2.40', '2016-05-16 08:24:15', NULL),
(117, 21, 'price_sell', '2.00', '2016-05-16 08:26:27', NULL),
(118, 21, 'price_buy', '3.00', '2016-05-16 08:26:27', NULL),
(119, 22, 'price_sell', '2.50', '2016-05-16 08:53:17', NULL),
(120, 22, 'price_buy', '2.40', '2016-05-16 08:53:17', NULL),
(121, 23, 'price_sell', '231.00', '2016-05-16 12:09:24', NULL),
(122, 23, 'price_buy', '32.00', '2016-05-16 12:09:24', NULL),
(123, 24, 'price_sell', '4.50', '2016-05-16 12:09:55', NULL),
(124, 24, 'price_buy', '4.00', '2016-05-16 12:09:55', NULL);

--
-- Daten für Tabelle `user`
--

INSERT INTO `user` (`id`, `email`, `firstname`, `lastname`, `password`, `created`, `modified`, `ip`, `last_login`, `admin`) VALUES
(1, 'petritzdesigns@gmail.com', 'Markus', 'Petritz', 'D41D8CD98F00B204E9800998ECF8427E', '2016-03-03 09:00:23', '2016-05-17 17:52:20', '10.0.1.24:53621', '2016-05-17 17:52:20', 1),
(2, 'scomputerlp@gmail.com', 'Julian', 'Maierl', 'cc03e747a6afbbcbf8be7668acfebee5', '2016-05-14 09:19:23', '2016-05-16 09:01:15', '10.0.1.13:52367', '2016-05-16 09:01:15', 0);

/*!40101 SET CHARACTER_SET_CLIENT=@OLD_CHARACTER_SET_CLIENT */;
/*!40101 SET CHARACTER_SET_RESULTS=@OLD_CHARACTER_SET_RESULTS */;
/*!40101 SET COLLATION_CONNECTION=@OLD_COLLATION_CONNECTION */;
